Input	Input_source	Output	Output_source
16486	16486	C08267	KEGG
36119	36119	C00494	KEGG
36119	36119	D02544	KEGG
443474	443474	C11882	KEGG
3903	3903	C00630	KEGG
449118	449118	C05270	KEGG
439940	439940	C03198	KEGG
168114	168114	C17495	KEGG
7814	7814	C05452	KEGG
7814	7814	C19499	KEGG
24856359	24856359	C04630	KEGG
6340	6340	C03535	KEGG
7714	7714	C05336	KEGG
8063	8063	C05768	KEGG
160511	160511	C02983	KEGG
5240	5240	C02165	KEGG
979	979	C01179	KEGG
439162	439162	C00093	KEGG
445675	445675	C00043	KEGG
68841	68841	C01005	KEGG
7858	7858	C05511	KEGG
7858	7858	C02001	KEGG
7456	7456	C04906	KEGG
7456	7456	D01400	KEGG
443135	443135	C11348	KEGG
443363	443363	C11684	KEGG
439524	439524	C01570	KEGG
547	547	C01161	KEGG
18283	18283	C07312	KEGG
18283	18283	D00445	KEGG
13726	13726	C11561	KEGG
13726	13726	C00102	KEGG
439235	439235	C00441	KEGG
92180	92180	C04083	KEGG
72277	72277	C12136	KEGG
5951	5951	C00065	KEGG
5951	5951	D00016	KEGG
2148	2148	D06890	KEGG
445070	445070	C01126	KEGG
445070	445070	C06081	KEGG
66391	66391	D05469	KEGG
439772	439772	C02635	KEGG
369312	369312	C02452	KEGG
998	998	C00601	KEGG
7249	7249	C04666	KEGG
92851	92851	C00793	KEGG
7707	7707	C05326	KEGG
15586712	15586712	C18221	KEGG
6776	6776	C04083	KEGG
6776	6776	C14267	KEGG
74839	74839	C03519	KEGG
123895	123895	C05933	KEGG
6439848	6439848	C16525	KEGG
754	754	C03189	KEGG
71070	71070	C00792	KEGG
12581	12581	C10395	KEGG
8881	8881	C06656	KEGG
9395	Matador	C06606	KEGG
9700	9700	C07497	KEGG
9700	9700	C00364	KEGG
638129	638129	C01732	KEGG
92834	92834	C14500	KEGG
7417	7417	C04862	KEGG
14090	14090	C11929	KEGG
11569	11569	C09378	KEGG
65063	65063	C00365	KEGG
10724	10724	C08531	KEGG
10757	10757	C08564	KEGG
8103	8103	C05808	KEGG
7175	7175	C04574	KEGG
7175	7175	D01422	KEGG
54671203	54671203	C06973	KEGG
54671203	54671203	D07876	KEGG
8794	8794	C06565	KEGG
8794	8794	C16074	KEGG
8033	8033	C05731	KEGG
9502	9502	C07293	KEGG
9502	9502	C11007	KEGG
8975	8975	C06754	KEGG
6575	Matador	C03834	KEGG
6575	Matador	C06790	KEGG
12803	12803	C10620	KEGG
5281871	5281871	C10945	KEGG
186004	186004	C01159	KEGG
6342	6342	C03537	KEGG
13198	13198	C11015	KEGG
439215	439215	C00333	KEGG
5460411	5460411	C04350	KEGG
12594	12594	C10408	KEGG
12594	12594	C04555	KEGG
7364	7364	C04802	KEGG
127293	127293	C11841	KEGG
10413	Matador	C00989	KEGG
10413	Matador	C01991	KEGG
439186	439186	C00208	KEGG
439186	439186	D00044	KEGG
439544	439544	C01674	KEGG
12025	12025	C09837	KEGG
6410	6410	C03626	KEGG
6112	6112	C03242	KEGG
6112	6112	C16241	KEGG
6322	6322	C03512	KEGG
6322	6322	C00062	KEGG
6322	6322	D02982	KEGG
446284	446284	C06428	KEGG
446284	446284	D08061	KEGG
4597	4597	C01408	KEGG
64968	64968	C00459	KEGG
3032849	3032849	C16741	KEGG
1051	1051	C00018	KEGG
5280679	5280679	C04434	KEGG
5962	5962	C03062	KEGG
5962	5962	C00047	KEGG
5962	5962	D02304	KEGG
8007	8007	C05700	KEGG
47	47	C03465	KEGG
67955	67955	C08434	KEGG
8342	8342	C06076	KEGG
440005	440005	C03417	KEGG
25890	25890	C14461	KEGG
439771	439771	C02634	KEGG
8009	8009	C05702	KEGG
31553	31553	D08515	KEGG
638278	638278	C08650	KEGG
21706	21706	C01260	KEGG
5280804	5280804	C05623	KEGG
7467	7467	C04920	KEGG
7467	7467	C06647	KEGG
8061	8061	C05766	KEGG
14283	14283	C12136	KEGG
5790	5790	C02852	KEGG
5790	5790	C11736	KEGG
5790	5790	D04197	KEGG
70	70	C00233	KEGG
10850	10850	C08657	KEGG
10850	10850	C13044	KEGG
10850	10850	D01587	KEGG
7165	7165	C04562	KEGG
261	261	C01412	KEGG
446220	446220	C01416	KEGG
9688	9688	C07485	KEGG
22819	22819	C01710	KEGG
121893	121893	C01079	KEGG
10368940	10368940	C19969	KEGG
13247	13247	C11065	KEGG
6253	6253	C03426	KEGG
6253	6253	C02961	KEGG
6253	6253	D00168	KEGG
8142	8142	C05849	KEGG
10992	10992	C08799	KEGG
1088	1088	C00213	KEGG
7724	7724	C05346	KEGG
71098	71098	C06420	KEGG
348154	348154	C10447	KEGG
10371	10371	C08171	KEGG
10371	10371	C07327	KEGG
10020	10020	C07818	KEGG
5281672	5281672	C10107	KEGG
227	227	C00108	KEGG
3036931	3036931	C00630	KEGG
4510	Matador	C01291	KEGG
4510	Matador	C07455	KEGG
4510	Matador	D00515	KEGG
11357	11357	C09165	KEGG
5773	5773	C02825	KEGG
5773	5773	C11754	KEGG
5773	5773	D01075	KEGG
5961	5961	C03061	KEGG
5961	5961	C00064	KEGG
5961	5961	D00015	KEGG
7146	7146	C04540	KEGG
637090	637090	C01771	KEGG
3848	3848	C00569	KEGG
6623	6623	C03890	KEGG
6623	6623	C13624	KEGG
8742	8742	C06511	KEGG
8742	8742	C00493	KEGG
868	868	C00222	KEGG
92907	92907	C12989	KEGG
8115	8115	C05820	KEGG
8115	8115	C14688	KEGG
7738	7738	C05361	KEGG
13857	13857	C11692	KEGG
6184	6184	C03341	KEGG
180	180	C00207	KEGG
180	180	D02311	KEGG
5280421	5280421	C01275	KEGG
11006	11006	C08813	KEGG
9577	9577	C07373	KEGG
99513	99513	C00273	KEGG
439294	439294	C00691	KEGG
439294	439294	C17577	KEGG
6043	6043	C03156	KEGG
5282768	5282768	C16526	KEGG
440981	440981	C06330	KEGG
440981	440981	C11503	KEGG
529	529	C00988	KEGG
559	559	C02647	KEGG
38	38	C00966	KEGG
5282360	5282360	C14209	KEGG
130418	130418	C00644	KEGG
7611	7611	C05206	KEGG
1549098	1549098	C00606	KEGG
7291	7291	C04719	KEGG
7291	7291	D05075	KEGG
12791	12791	C10608	KEGG
8500	8500	C06262	KEGG
11428	11428	C09237	KEGG
8988	8988	C06768	KEGG
8988	8988	C00763	KEGG
11647	11647	C09456	KEGG
176951	176951	C04091	KEGG
249	249	C00576	KEGG
47289	47289	C16453	KEGG
13207	13207	C11024	KEGG
13602	13602	C11430	KEGG
8552	8552	C06316	KEGG
5282146	5282146	C12623	KEGG
440962	440962	C06241	KEGG
4075	Matador	C00817	KEGG
4075	Matador	D00377	KEGG
5280960	5280960	C06561	KEGG
8064	8064	C05769	KEGG
439893	439893	C03059	KEGG
2950	2950	C10312	KEGG
2950	2950	D07107	KEGG
6942	6942	C04280	KEGG
122357	122357	C00279	KEGG
5281119	5281119	C08322	KEGG
12315	12315	C10129	KEGG
10977	10977	C08784	KEGG
9871	9871	C07669	KEGG
165130	165130	C00789	KEGG
12090	12090	C09904	KEGG
92150	92150	C05945	KEGG
5281416	5281416	C09263	KEGG
12369	12369	C10183	KEGG
54675777	54675777	C06571	KEGG
54675777	54675777	D07689	KEGG
5881	5881	C02967	KEGG
5881	5881	C01227	KEGG
5881	5881	D08409	KEGG
11520	11520	C09329	KEGG
31244	31244	C10761	KEGG
9958	9958	C07756	KEGG
9958	9958	C06730	KEGG
36294	36294	C00397	KEGG
36294	36294	D00063	KEGG
10786	10786	C08593	KEGG
7166	7166	C04563	KEGG
7590	7590	C05179	KEGG
65533	65533	C00103	KEGG
7409	7409	C04853	KEGG
7409	7409	C07112	KEGG
49	49	C00141	KEGG
5282096	5282096	C12206	KEGG
8914	8914	C06689	KEGG
8914	8914	C14696	KEGG
6035	6035	C03147	KEGG
6035	6035	D01763	KEGG
5610	5610	C02630	KEGG
5610	5610	C00483	KEGG
1549439	1549439	C19719	KEGG
8130	8130	C05837	KEGG
8130	8130	C14390	KEGG
68134	68134	C08275	KEGG
7882	7882	C05546	KEGG
14349	14349	C12203	KEGG
14349	14349	C03710	KEGG
6030	6030	C03141	KEGG
6030	6030	C00105	KEGG
6024	6024	C03135	KEGG
6024	6024	C07761	KEGG
6024	6024	D07635	KEGG
325	325	C06576	KEGG
991	991	C06604	KEGG
160617	160617	C01103	KEGG
99290	99290	C00680	KEGG
8614	8614	C06378	KEGG
4462	4462	C01241	KEGG
4462	4462	D00975	KEGG
11429	11429	C09238	KEGG
5880	5880	C02965	KEGG
5880	5880	C04373	KEGG
11122	11122	C08930	KEGG
446834	446834	C05619	KEGG
441302	441302	C07635	KEGG
7490	7490	C05005	KEGG
637541	637541	C12621	KEGG
12756	12756	C10573	KEGG
9023	9023	C06804	KEGG
24473	24473	C18018	KEGG
11953947	11953947	C11242	KEGG
9828	9828	C07626	KEGG
69732	69732	C20327	KEGG
86	86	C00632	KEGG
7264	7264	C04683	KEGG
6094	6094	C03221	KEGG
7997	7997	C05690	KEGG
49787001	49787001	C05691	KEGG
11525	11525	C09334	KEGG
5479530	5479530	C06683	KEGG
5479530	5479530	D07659	KEGG
24405	24405	C16427	KEGG
24405	24405	D05726	KEGG
10130163	10130163	C11837	KEGG
87642	87642	C00010	KEGG
11567	11567	C09376	KEGG
10962	10962	C08769	KEGG
439233	439233	C00439	KEGG
8601	8601	C06365	KEGG
6560	6560	C14710	KEGG
5280335	5280335	C00319	KEGG
6306	6306	C03494	KEGG
6306	6306	C00407	KEGG
6306	6306	D00065	KEGG
12088	12088	C09902	KEGG
107	107	C05629	KEGG
12332	12332	C10146	KEGG
165381	165381	C06197	KEGG
441480	441480	C08352	KEGG
457	457	C02918	KEGG
255	255	C03779	KEGG
9967	9967	C07765	KEGG
12074	12074	C09888	KEGG
10253	10253	C08053	KEGG
10253	10253	C07588	KEGG
440272	440272	C04256	KEGG
5460448	5460448	C00672	KEGG
439197	439197	C00270	KEGG
13052	13052	C10869	KEGG
80283	80283	C02356	KEGG
439283	439283	C00666	KEGG
124	124	C03589	KEGG
7492	7492	C05009	KEGG
23736	23736	C04022	KEGG
7148	7148	C04542	KEGG
3485	3485	C00185	KEGG
3485	3485	C12518	KEGG
3485	3485	D01120	KEGG
441108	441108	C06630	KEGG
5754	5754	C02804	KEGG
5754	5754	C00735	KEGG
5754	5754	D00088	KEGG
439468	439468	C01284	KEGG
439468	439468	C15990	KEGG
614	614	C16435	KEGG
1145	1145	C01104	KEGG
137	137	C00430	KEGG
137	137	D07567	KEGG
11859	11859	C09669	KEGG
69726	69726	C16359	KEGG
122340	122340	C17644	KEGG
10898	10898	C08705	KEGG
13410	13410	C11231	KEGG
6128	6128	C03264	KEGG
6128	6128	D00132	KEGG
6128	6128	C00280	KEGG
6128	6128	D00051	KEGG
107737	107737	C01177	KEGG
6264	6264	C03440	KEGG
6134	6134	C03273	KEGG
6134	6134	C01970	KEGG
9322	9322	C07111	KEGG
111	111	C02642	KEGG
729	729	C00661	KEGG
13852	13852	C11687	KEGG
6440982	6440982	C16431	KEGG
439853	439853	C02934	KEGG
4649	4649	C01477	KEGG
4649	4649	C02518	KEGG
4649	4649	D00162	KEGG
8371	8371	C06109	KEGG
8371	8371	C18933	KEGG
12233	12233	C10047	KEGG
446475	446475	C06655	KEGG
643820	643820	C09871	KEGG
6343	6343	C03539	KEGG
10690	10690	C08497	KEGG
10690	10690	C00257	KEGG
11005	11005	C08812	KEGG
11005	11005	C06424	KEGG
12035	12035	C09848	KEGG
12035	12035	C06809	KEGG
12035	12035	D00221	KEGG
71563	71563	C06417	KEGG
8180	8180	C05892	KEGG
8180	8180	C17715	KEGG
25517	25517	C12538	KEGG
25517	25517	D01139	KEGG
5280581	5280581	C03242	KEGG
9570	9570	C07366	KEGG
11874	11874	C09684	KEGG
7028	7028	C04387	KEGG
7028	7028	C02765	KEGG
7028	7028	D08449	KEGG
14079	14079	C11918	KEGG
12314	12314	C10128	KEGG
5541	5541	C02534	KEGG
5541	5541	D00384	KEGG
12988	12988	C10805	KEGG
111178	111178	C03290	KEGG
30819	30819	C06501	KEGG
6305	6305	C03493	KEGG
6305	6305	C00078	KEGG
6305	6305	D00020	KEGG
335	335	C01542	KEGG
65076	65076	C18043	KEGG
65080	65080	C03097	KEGG
65080	65080	C11611	KEGG
5957	5957	C03057	KEGG
5957	5957	D02212	KEGG
5957	5957	C00002	KEGG
5957	5957	D08646	KEGG
8038	8038	C05743	KEGG
191190	191190	C01114	KEGG
7732	7732	C05355	KEGG
7732	7732	C19326	KEGG
11315	11315	C09123	KEGG
439168	439168	C00118	KEGG
58	58	C00109	KEGG
11363	11363	C09171	KEGG
11363	11363	C17268	KEGG
4377	4377	C01147	KEGG
12104	12104	C09918	KEGG
3366	3366	C00066	KEGG
3366	3366	D00323	KEGG
31260	31260	C07328	KEGG
866	866	C16440	KEGG
7468	7468	C04922	KEGG
525	525	C00711	KEGG
525	525	C03668	KEGG
525	525	D04843	KEGG
8002	8002	C05695	KEGG
6287	6287	C03470	KEGG
6287	6287	C00183	KEGG
6287	6287	D00039	KEGG
62389	62389	C11263	KEGG
127296	127296	C11174	KEGG
119	119	C00334	KEGG
119	119	D00058	KEGG
443902	443902	C12631	KEGG
6276	6276	C03456	KEGG
6276	6276	C16834	KEGG
1030	1030	C00583	KEGG
1030	1030	D00078	KEGG
5459811	5459811	C01054	KEGG
7265	7265	C04684	KEGG
10723	10723	C08530	KEGG
263	263	C06142	KEGG
263	263	D03200	KEGG
5484731	5484731	C16643	KEGG
440144	440144	C03853	KEGG
6688	6688	C03968	KEGG
15530	15530	C18546	KEGG
12372	12372	C10186	KEGG
6570	6570	C03827	KEGG
6570	6570	C20701	KEGG
6555	6555	C03806	KEGG
1055	1055	C00627	KEGG
13015	13015	C10832	KEGG
11566	11566	C09375	KEGG
10355909	10355909	C18225	KEGG
443479	443479	C11887	KEGG
12793	12793	C10610	KEGG
12793	12793	C02734	KEGG
12527	12527	C10341	KEGG
441350	441350	C07921	KEGG
441350	441350	D00762	KEGG
2723601	Matador	C07648	KEGG
2723601	Matador	D08603	KEGG
12276	12276	C10090	KEGG
65115	65115	C04452	KEGG
13187	13187	C11004	KEGG
12336	12336	C10150	KEGG
12511	12511	C10325	KEGG
12511	12511	C08063	KEGG
439288	439288	C00673	KEGG
439507	439507	C01487	KEGG
7852	7852	C05499	KEGG
165388	165388	C04751	KEGG
5281377	5281377	C09126	KEGG
7144	7144	C04537	KEGG
83126	83126	C16360	KEGG
378	378	C03360	KEGG
4573	4573	C01378	KEGG
12176	12176	C09990	KEGG
4362	4362	C01131	KEGG
4362	4362	C02441	KEGG
679	679	C11143	KEGG
679	679	D01043	KEGG
13351	13351	C11169	KEGG
13351	13351	C16632	KEGG
12302	12302	C10116	KEGG
174	174	C02370	KEGG
174	174	C01380	KEGG
174	174	C15588	KEGG
174	174	D03370	KEGG
174	174	D06418	KEGG
174	174	D06419	KEGG
174	174	D06420	KEGG
174	174	D06421	KEGG
174	174	D06422	KEGG
174	174	D06423	KEGG
11747	11747	C09556	KEGG
10345	10345	C08145	KEGG
7750	7750	C05376	KEGG
7305	7305	C04734	KEGG
7305	7305	C07494	KEGG
12589	12589	C10403	KEGG
12353	12353	C10167	KEGG
8929	8929	C06704	KEGG
8929	8929	C18673	KEGG
10972	10972	C08779	KEGG
439417	439417	C01142	KEGG
8069	8069	C05774	KEGG
8069	8069	D00506	KEGG
193305	193305	C01165	KEGG
13708	13708	C11541	KEGG
8487	8487	C06248	KEGG
7424	7424	C04872	KEGG
14254	14254	C12107	KEGG
8919	8919	C06694	KEGG
11909	11909	C09721	KEGG
8797	8797	C06568	KEGG
8797	8797	C01963	KEGG
644101	644101	C16688	KEGG
193516	193516	C04732	KEGG
4363	4363	C01132	KEGG
134490	134490	C03283	KEGG
445344	445344	C01944	KEGG
439924	439924	C03150	KEGG
5281858	5281858	C10794	KEGG
10656	10656	C08463	KEGG
5280933	5280933	C06426	KEGG
5280933	5280933	D07213	KEGG
12417	12417	C10231	KEGG
168115	168115	C17496	KEGG
65064	65064	C09731	KEGG
449043	449043	C01170	KEGG
11439	11439	C09248	KEGG
11439	11439	C07273	KEGG
11439	11439	D08532	KEGG
1983	Matador	C06804	KEGG
1983	Matador	D00217	KEGG
5280489	5280489	C02094	KEGG
957	957	C00756	KEGG
339	339	C03557	KEGG
5879	5879	C02964	KEGG
5879	5879	C00523	KEGG
49787004	49787004	C05698	KEGG
172502	172502	C04631	KEGG
454	454	C01545	KEGG
21236	21236	C01933	KEGG
12248	12248	C10062	KEGG
11397	11397	C09206	KEGG
8494	8494	C06255	KEGG
864	864	C00725	KEGG
864	864	D00086	KEGG
11162	11162	C08970	KEGG
5862	5862	C02943	KEGG
5862	5862	C00097	KEGG
5862	5862	D00026	KEGG
24748	24748	D07622	KEGG
8128	8128	C05835	KEGG
10994	10994	C08801	KEGG
5280887	5280887	C05960	KEGG
6569	6569	C03826	KEGG
6569	6569	C02845	KEGG
16061258	16061258	C19840	KEGG
5280719	5280719	C04707	KEGG
225936	225936	C03044	KEGG
6137	6137	C03278	KEGG
6137	6137	C00073	KEGG
6137	6137	D00019	KEGG
439562	439562	C01748	KEGG
8629	8629	C06393	KEGG
8629	8629	C00029	KEGG
10927	10927	C08734	KEGG
7691	7691	C05309	KEGG
10851	10851	C08658	KEGG
6140	6140	C03281	KEGG
6140	6140	C00079	KEGG
6140	6140	D00021	KEGG
122356	122356	C02714	KEGG
8194	8194	C05906	KEGG
8194	8194	C02278	KEGG
5437	5437	C02404	KEGG
12091	12091	C09905	KEGG
60961	60961	C00212	KEGG
60961	60961	D00045	KEGG
447466	447466	C19377	KEGG
11146	11146	C08954	KEGG
440317	440317	C13742	KEGG
23327	23327	C00217	KEGG
6256	6256	C03429	KEGG
6256	6256	D00391	KEGG
5281107	5281107	C08211	KEGG
5281107	5281107	D01009	KEGG
10394	10394	C08195	KEGG
10394	10394	C01744	KEGG
65098	65098	C01826	KEGG
11966175	11966175	C05276	KEGG
6324	6324	C03515	KEGG
125468	125468	C08279	KEGG
6131	6131	C03268	KEGG
6131	6131	C00055	KEGG
12416	12416	C10230	KEGG
29131	29131	C19161	KEGG
10303	10303	C08103	KEGG
10303	10303	C19459	KEGG
74563	74563	C06255	KEGG
8093	8093	C05798	KEGG
9855795	9855795	C17277	KEGG
10214	10214	C08014	KEGG
10214	10214	C00053	KEGG
448580	448580	C02712	KEGG
12041	12041	C09854	KEGG
57449	57449	C00739	KEGG
7420	7420	C04865	KEGG
7420	7420	C00587	KEGG
46926227	46926227	C19975	KEGG
444493	444493	C00024	KEGG
84815	84815	C00855	KEGG
7476	7476	C04932	KEGG
9061	9061	C06843	KEGG
2912	2912	C10984	KEGG
2912	2912	D07763	KEGG
439600	439600	C01905	KEGG
51	51	C00026	KEGG
8786	8786	C06557	KEGG
7242	7242	C04656	KEGG
7242	7242	C14403	KEGG
69188	69188	D08274	KEGG
92787	92787	C15484	KEGG
33613	33613	C06827	KEGG
33613	33613	D07452	KEGG
439742	439742	C02512	KEGG
6847	6847	C04165	KEGG
6847	6847	C14091	KEGG
8105	8105	C05810	KEGG
5327118	5327118	C19768	KEGG
13792	13792	C11627	KEGG
439709	439709	C02336	KEGG
121396	121396	C05829	KEGG
121396	121396	D07130	KEGG
6857365	6857365	C01115	KEGG
6565	6565	C03822	KEGG
11552	11552	C09361	KEGG
11552	11552	C07329	KEGG
516892	516892	C12603	KEGG
516892	516892	D01203	KEGG
6271	6271	C03450	KEGG
6271	6271	C13342	KEGG
6271	6271	D01870	KEGG
3614	3614	C00320	KEGG
3614	3614	C05127	KEGG
641301	641301	C05608	KEGG
10460	10460	C08261	KEGG
6578	6578	C03838	KEGG
6809	6809	C04122	KEGG
83887	83887	C00402	KEGG
5282094	5282094	C12204	KEGG
21919	21919	C02132	KEGG
473	473	C01180	KEGG
33032	33032	C00025	KEGG
33032	33032	D00007	KEGG
11571	11571	C09380	KEGG
5280343	5280343	C00389	KEGG
12449	12449	C10263	KEGG
7221	7221	C04632	KEGG
127	127	C00642	KEGG
12957	12957	C10774	KEGG
132862	132862	C03884	KEGG
10857031	10857031	C20325	KEGG
11966122	11966122	C00888	KEGG
6238	6238	C03409	KEGG
6238	6238	C01176	KEGG
6238	6238	D08052	KEGG
445063	445063	C19910	KEGG
10452519	10452519	C19784	KEGG
11460	11460	C09269	KEGG
440333	440333	C04421	KEGG
5994	5994	C00410	KEGG
5994	5994	D00066	KEGG
70914	70914	C00624	KEGG
6629	6629	C03897	KEGG
5280673	5280673	C04409	KEGG
6450190	6450190	C20695	KEGG
10871	10871	C08678	KEGG
10871	10871	C14494	KEGG
3484	3484	C00184	KEGG
159664	159664	C00902	KEGG
854209	854209	C13968	KEGG
777	777	C01279	KEGG
5789	5789	C02851	KEGG
5789	5789	C00214	KEGG
8003	8003	C05696	KEGG
149186	149186	C04221	KEGG
7898	7898	C05572	KEGG
13389	13389	C11208	KEGG
8175	8175	C12307	KEGG
440235	440235	C04132	KEGG
778	778	C05330	KEGG
12323	12323	C10137	KEGG
135	135	C00156	KEGG
130805	130805	C04376	KEGG
76551	76551	C06418	KEGG
21704	21704	D06298	KEGG
440982	440982	C06331	KEGG
440982	440982	C11504	KEGG
4933	4933	C01808	KEGG
4933	4933	C14229	KEGG
440579	440579	C05161	KEGG
6755	6755	C04054	KEGG
6755	6755	C10368	KEGG
7184	7184	C04583	KEGG
7184	7184	D01420	KEGG
31291	31291	D01757	KEGG
11477	11477	C09286	KEGG
11301	11301	C09109	KEGG
7520	7520	C05067	KEGG
439184	439184	C00199	KEGG
8908	8908	C06683	KEGG
7345	7345	C04781	KEGG
5350	5350	C02294	KEGG
8575	8575	C06339	KEGG
6585	6585	C03848	KEGG
6585	6585	D03467	KEGG
171548	171548	C00120	KEGG
171548	171548	D00029	KEGG
6378	6378	C03587	KEGG
6378	6378	C15508	KEGG
6378	6378	D09803	KEGG
5425	5425	C02389	KEGG
5462254	5462254	C03790	KEGG
338	Matador	C00805	KEGG
338	Matador	D00097	KEGG
10400	10400	C08201	KEGG
492405	492405	D09537	KEGG
25674	25674	C11227	KEGG
247	Matador	C00719	KEGG
247	Matador	D07523	KEGG
440641	440641	C05345	KEGG
11101	11101	C08909	KEGG
6106	6106	C03236	KEGG
6106	6106	C00123	KEGG
6106	6106	D00030	KEGG
6775	6775	C04081	KEGG
6775	6775	D00377	KEGG
8580	8580	C06344	KEGG
70912	70912	C02710	KEGG
123938	123938	C00669	KEGG
10712	10712	C08519	KEGG
10712	10712	C06422	KEGG
321	321	C03263	KEGG
24798689	24798689	C18224	KEGG
1153	1153	C01536	KEGG
7904	7904	C05578	KEGG
7904	7904	C19309	KEGG
6657	6657	C03929	KEGG
13243	13243	C11061	KEGG
1194	1194	C04092	KEGG
8842	8842	C06616	KEGG
7840	7840	C05480	KEGG
8655	8655	C06420	KEGG
122336	122336	C00689	KEGG
5318532	5318532	C00451	KEGG
439938	439938	C03194	KEGG
890	890	C01204	KEGG
854021	854021	C13776	KEGG
13711	13711	C11544	KEGG
13711	13711	C00881	KEGG
657272	657272	D07349	KEGG
482	482	C15991	KEGG
6595	6595	C03859	KEGG
87310	87310	C08265	KEGG
6119	6119	C03252	KEGG
6119	6119	C03665	KEGG
9904	Matador	C07254	KEGG
9904	Matador	D08250	KEGG
756	756	C00266	KEGG
1269845	1269845	C19304	KEGG
330573	330573	C11395	KEGG
3983	3983	C00717	KEGG
3983	3983	C13903	KEGG
10016	10016	C07814	KEGG
6754	6754	C04053	KEGG
6326	6326	C03517	KEGG
6326	6326	C01548	KEGG
220010	220010	C20657	KEGG
6844	6844	C04160	KEGG
6844	6844	C03203	KEGG
660	660	C02274	KEGG
5237	5237	C02161	KEGG
5237	5237	C06108	KEGG
65127	65127	C00275	KEGG
6770	6770	C04075	KEGG
28598	28598	C14556	KEGG
7903	7903	C05577	KEGG
4951	4951	C01832	KEGG
7253	7253	C04672	KEGG
241582	241582	C03679	KEGG
25150859	25150859	C11925	KEGG
6857359	6857359	C03979	KEGG
439232	439232	C00437	KEGG
13679	13679	C11509	KEGG
13216	13216	C11033	KEGG
7428	7428	C04876	KEGG
8821	8821	C19238	KEGG
440717	440717	C05528	KEGG
6267	6267	C00152	KEGG
899	899	C02711	KEGG
11418	11418	C09227	KEGG
6553	6553	C03804	KEGG
637566	637566	C01500	KEGG
7149	7149	C04543	KEGG
7427	7427	C04875	KEGG
7427	7427	C01083	KEGG
7290	7290	C04718	KEGG
7290	7290	C18676	KEGG
7902	7902	C05576	KEGG
7902	7902	D07777	KEGG
7813	7813	C05451	KEGG
5757	5757	C02807	KEGG
5757	5757	C00951	KEGG
5757	5757	D00105	KEGG
439886	439886	C03043	KEGG
4378	4378	C01149	KEGG
31357	31357	C14439	KEGG
5280934	5280934	C06427	KEGG
11966146	11966146	C03561	KEGG
11841	11841	C09651	KEGG
90624	90624	C12317	KEGG
15993	15993	C00131	KEGG
46173732	46173732	C04613	KEGG
9285	9285	C07074	KEGG
9285	9285	C00200	KEGG
11112	11112	C08920	KEGG
9086	9086	C06869	KEGG
21672	21672	C16665	KEGG
5283205	5283205	C14771	KEGG
278	278	C00169	KEGG
445713	445713	C00448	KEGG
46173749	46173749	C05893	KEGG
5280802	5280802	C05610	KEGG
7279	7279	C04706	KEGG
8763	8763	C06533	KEGG
440599	440599	C02837	KEGG
75795	75795	C06455	KEGG
10221	10221	C08021	KEGG
445395	445395	C01847	KEGG
11500	11500	C09309	KEGG
5280650	5280650	C04145	KEGG
5310996	5310996	C13743	KEGG
11147	11147	C08955	KEGG
9568512	9568512	D08584	KEGG
3776	3776	C00493	KEGG
3776	3776	C01845	KEGG
3776	3776	D00137	KEGG
94136	94136	C00946	KEGG
7151	7151	C04545	KEGG
7151	7151	D04991	KEGG
4661	4661	C01491	KEGG
440198	440198	C04016	KEGG
13376	13376	C11195	KEGG
6328	6328	C03519	KEGG
6328	6328	C18448	KEGG
85782	85782	C05580	KEGG
20279	20279	D01370	KEGG
12163	12163	C09977	KEGG
8060	8060	C05765	KEGG
281691	281691	C06348	KEGG
1198	1198	C00311	KEGG
439418	439418	C01143	KEGG
8411	8411	C06155	KEGG
8411	8411	C19231	KEGG
65091	65091	C00458	KEGG
6047	6047	C03162	KEGG
6047	6047	C00355	KEGG
6047	6047	D00059	KEGG
71077	71077	C00740	KEGG
7381	7381	C04819	KEGG
7742	7742	C05367	KEGG
11955	11955	C09767	KEGG
17473	17473	C00167	KEGG
8973	8973	C06752	KEGG
94140	94140	C00412	KEGG
5280411	5280411	C01226	KEGG
6057	6057	C03175	KEGG
6057	6057	C00082	KEGG
6057	6057	D00022	KEGG
5371769	5371769	C02937	KEGG
5283548	5283548	C17556	KEGG
12173	12173	C09987	KEGG
91486	91486	C00836	KEGG
440080	440080	C03661	KEGG
449534	449534	C01213	KEGG
11966208	11966208	C09823	KEGG
854300	854300	C14062	KEGG
5283560	5283560	C06124	KEGG
751	751	C02154	KEGG
7076347	7076347	C20519	KEGG
12741	12741	C10558	KEGG
440294	440294	C04314	KEGG
9543186	9543186	C06322	KEGG
7680	7680	C05296	KEGG
7680	7680	C02505	KEGG
73115	73115	D03537	KEGG
151187	151187	C01102	KEGG
441328	441328	C07756	KEGG
12371	12371	C10185	KEGG
638015	638015	C00376	KEGG
5280346	5280346	C00399	KEGG
440077	440077	C03656	KEGG
7856	7856	C05503	KEGG
7856	7856	C19360	KEGG
6912	6912	C04247	KEGG
6912	6912	C00379	KEGG
6912	6912	C00474	KEGG
485	485	C00919	KEGG
6274	6274	C03454	KEGG
6274	6274	C00135	KEGG
6274	6274	D00032	KEGG
5280473	5280473	C01967	KEGG
7452	7452	C04902	KEGG
11966143	11966143	C00845	KEGG
8209	8209	C05921	KEGG
8209	8209	D05097	KEGG
92974	92974	D01277	KEGG
440940	440940	C06192	KEGG
228491	228491	C11825	KEGG
11811	11811	C09621	KEGG
11811	11811	C03227	KEGG
446570	446570	C15666	KEGG
440114	440114	C03772	KEGG
5280541	5280541	C06123	KEGG
5281168	5281168	C08497	KEGG
102336	102336	C02578	KEGG
10238	10238	C00224	KEGG
11754	11754	C09563	KEGG
4624	4624	C01446	KEGG
4624	4624	D05294	KEGG
439391	439391	C01087	KEGG
5960	5960	C00049	KEGG
5960	5960	D00013	KEGG
3001028	3001028	C02538	KEGG
12665	12665	C10482	KEGG
443437	443437	C11844	KEGG
366	366	C03837	KEGG
328	328	C11527	KEGG
11302	11302	C09110	KEGG
11302	11302	C05293	KEGG
8916	8916	C06691	KEGG
237332	237332	C11101	KEGG
11748	11748	C09557	KEGG
12308	12308	C10122	KEGG
7510	Matador	C05046	KEGG
7510	Matador	D05158	KEGG
599	599	C01127	KEGG
340	340	C02923	KEGG
4650	4650	C01478	KEGG
4650	4650	C00472	KEGG
686704	686704	C20488	KEGG
443201	443201	C11437	KEGG
23497	23497	D07304	KEGG
36921	36921	C07139	KEGG
36921	36921	D08593	KEGG
10315	10315	C08115	KEGG
7807	7807	C05445	KEGG
637775	637775	C00482	KEGG
439495	439495	C01404	KEGG
7762	7762	C05392	KEGG
5280789	5280789	C05431	KEGG
439904	439904	C03089	KEGG
13535	13535	C11360	KEGG
7749	7749	C05375	KEGG
11643	11643	C09452	KEGG
11643	11643	C19362	KEGG
439236	439236	C00620	KEGG
31261	31261	C15499	KEGG
440210	440210	C04058	KEGG
637540	637540	C01772	KEGG
6763	6763	C04068	KEGG
6763	6763	C03243	KEGG
13134	13134	C10951	KEGG
8062	8062	C05767	KEGG
448209	448209	C00128	KEGG
13854	13854	C11689	KEGG
409301	409301	C11146	KEGG
3712	3712	C00422	KEGG
10899	10899	C08706	KEGG
6076	6076	C03199	KEGG
6076	6076	D00350	KEGG
6076	6076	C00575	KEGG
92810	92810	C03681	KEGG
13706	13706	C11539	KEGG
440001	440001	C03410	KEGG
440098	440098	C03733	KEGG
10882	10882	C08689	KEGG
445354	445354	C00473	KEGG
445354	445354	C17276	KEGG
445354	445354	D06543	KEGG
773	773	C00768	KEGG
8658	8658	C06423	KEGG
12077	12077	C09891	KEGG
45259192	45259192	C19700	KEGG
246876	246876	C14441	KEGG
442495	442495	C09893	KEGG
13601	13601	C11429	KEGG
11161	11161	C08969	KEGG
5280498	5280498	C02214	KEGG
150856	150856	C16634	KEGG
29145	29145	D08164	KEGG
69435	69435	C00820	KEGG
6254	6254	C03427	KEGG
8186	8186	C05898	KEGG
133	133	C01149	KEGG
12844	12844	C10661	KEGG
9723	9723	C07520	KEGG
1015	1015	C00346	KEGG
9032	9032	C06813	KEGG
439280	439280	C00643	KEGG
439280	439280	D07339	KEGG
99291	99291	C18623	KEGG
13594	13594	C11420	KEGG
13594	13594	C02395	KEGG
440939	440939	C06189	KEGG
14556929	14556929	C05427	KEGG
5816	5816	C02885	KEGG
5816	5816	C00788	KEGG
5816	5816	D00095	KEGG
439788	439788	C02700	KEGG
222865	222865	C00674	KEGG
101812	101812	C02353	KEGG
14309	14309	C12162	KEGG
145815	145815	C00819	KEGG
5283544	5283544	C17568	KEGG
151438	151438	C13482	KEGG
182230	182230	D07063	KEGG
7854	7854	C05501	KEGG
12178	12178	C09992	KEGG
668	668	C00111	KEGG
8768	8768	C06538	KEGG
8768	8768	C16700	KEGG
439512	439512	C01518	KEGG
7543	7543	C05119	KEGG
7543	7543	C10999	KEGG
5284650	5284650	C14763	KEGG
9189	9189	C06975	KEGG
158980	158980	C02989	KEGG
11583	11583	C09392	KEGG
8005	8005	C05698	KEGG
439811	439811	C02798	KEGG
239	239	C00099	KEGG
239	239	D07561	KEGG
8008	8008	C05701	KEGG
11952	11952	C09764	KEGG
2955	2955	C07666	KEGG
2955	2955	D00592	KEGG
5360315	5360315	C07755	KEGG
12575	12575	C10389	KEGG
36523	36523	C07607	KEGG
31401	31401	C07880	KEGG
31401	31401	D00734	KEGG
13472	13472	C11297	KEGG
13472	13472	C20144	KEGG
9060	9060	C06842	KEGG
9060	9060	C00525	KEGG
5362115	5362115	D01667	KEGG
12599	12599	C10413	KEGG
12599	12599	C00360	KEGG
13695	13695	C11527	KEGG
440194	440194	C04006	KEGG
11513	11513	C09322	KEGG
6440013	6440013	C00223	KEGG
6245	6245	C03416	KEGG
8001	8001	C05694	KEGG
60749	60749	D01155	KEGG
72193709	72193709	C20658	KEGG
5905	5905	C02996	KEGG
5905	5905	D00342	KEGG
644065	644065	C05116	KEGG
5883	5883	C02970	KEGG
5883	5883	D00721	KEGG
16682730	16682730	C11151	KEGG
16682730	16682730	D05464	KEGG
5884	5884	C02972	KEGG
5884	5884	C00005	KEGG
4	4	C05771	KEGG
880	880	C00546	KEGG
92843	92843	C02155	KEGG
14282	14282	C12135	KEGG
5281643	5281643	C10073	KEGG
654	654	C06608	KEGG
75049	75049	C00969	KEGG
123826	123826	C04540	KEGG
5288725	5288725	C02721	KEGG
6288	6288	C00188	KEGG
6288	6288	D00041	KEGG
4775	4775	C01624	KEGG
439610	439610	C01952	KEGG
439153	439153	C00004	KEGG
7910	7910	C05584	KEGG
11579	11579	C09388	KEGG
439939	439939	C03196	KEGG
11914	11914	C09726	KEGG
11914	11914	C01983	KEGG
99478	99478	C00979	KEGG
72880	72880	C03311	KEGG
8453	8453	C06203	KEGG
5280710	5280710	C04654	KEGG
444913	444913	D08846	KEGG
5280633	5280633	C17147	KEGG
6022	6022	C03130	KEGG
6022	6022	C00008	KEGG
92745	92745	C05479	KEGG
92786	92786	C13712	KEGG
14273	14273	C12126	KEGG
441254	441254	C07301	KEGG
5920	5920	C02465	KEGG
5920	5920	D08128	KEGG
834	834	C00542	KEGG
195863	195863	C19702	KEGG
68262	68262	C10331	KEGG
5280450	5280450	C01595	KEGG
443475	443475	C11883	KEGG
73949	73949	C06695	KEGG
7960	7960	C05649	KEGG
364	364	C06393	KEGG
13396	13396	C11216	KEGG
60750	60750	C07650	KEGG
60750	60750	D02368	KEGG
439227	439227	C00408	KEGG
11915	11915	C09727	KEGG
11915	11915	C02137	KEGG
13006	13006	C10823	KEGG
13006	13006	C06105	KEGG
11644	11644	C09453	KEGG
91431	91431	D08022	KEGG
3486	3486	C00186	KEGG
123831	123831	C03626	KEGG
16500	16500	C00498	KEGG
71567	71567	C02265	KEGG
439383	439383	C01056	KEGG
7041	7041	C04405	KEGG
7041	7041	C10787	KEGG
9743	9743	C07540	KEGG
11163	11163	C08971	KEGG
11163	11163	C02037	KEGG
75	75	C05665	KEGG
8010	8010	C05703	KEGG
10349	10349	C08149	KEGG
6227	6227	C03396	KEGG
68934	68934	C02354	KEGG
7449	7449	C04899	KEGG
12079	12079	C09893	KEGG
10952	10952	C08759	KEGG
5282181	5282181	D01518	KEGG
24798714	24798714	C19683	KEGG
10635	10635	C08441	KEGG
10635	10635	C03917	KEGG
10635	10635	D07456	KEGG
10433	10433	C08234	KEGG
10451	10451	C08252	KEGG
10267	10267	C08067	KEGG
10267	10267	C05378	KEGG
7469	7469	C04923	KEGG
7469	7469	C10700	KEGG
91493	91493	C00345	KEGG
12753	12753	C10570	KEGG
440735	440735	C05631	KEGG
439823	439823	C05328	KEGG
13388	13388	C11207	KEGG
440064	440064	C03618	KEGG
14286	14286	C12139	KEGG
14017	14017	C11855	KEGG
14017	14017	C11033	KEGG
6013	6013	C03120	KEGG
6013	6013	C00535	KEGG
6013	6013	D00075	KEGG
4653	4653	C01483	KEGG
878	878	C00409	KEGG
11261	11261	C09069	KEGG
6747	6747	C04046	KEGG
12216	12216	C10030	KEGG
9638853	9638853	C19714	KEGG
11419	11419	C09228	KEGG
440863	440863	C05983	KEGG
7393	7393	C04832	KEGG
7393	7393	C14200	KEGG
21	21	C00659	KEGG
443179	443179	C11410	KEGG
5478003	5478003	C19728	KEGG
439888	439888	C03046	KEGG
68144	68144	C05598	KEGG
449459	449459	C05011	KEGG
449459	449459	D06551	KEGG
56927717	56927717	C19972	KEGG
138	138	C00431	KEGG
11850	11850	C09660	KEGG
11850	11850	C01697	KEGG
161500	161500	C03373	KEGG
12522	12522	C10336	KEGG
105024	105024	C05335	KEGG
8021	8021	C05714	KEGG
10823	10823	C08630	KEGG
1203	1203	C17590	KEGG
443103	443103	C11288	KEGG
8200	8200	C05912	KEGG
443652	443652	C12140	KEGG
10893	10893	C08700	KEGG
15910	15910	C11037	KEGG
12896	12896	C10713	KEGG
7896	7896	C05570	KEGG
7896	7896	C20335	KEGG
24462	24462	C18713	KEGG
6166	6166	C03313	KEGG
6166	6166	C03205	KEGG
6166	6166	D07792	KEGG
7625	7625	C05229	KEGG
12810	12810	C10627	KEGG
444539	444539	C00423	KEGG
444539	444539	C10438	KEGG
10634	10634	C08440	KEGG
10634	10634	C04295	KEGG
10634	10634	D00179	KEGG
8068	8068	C05773	KEGG
222285	222285	C00503	KEGG
222285	222285	D08915	KEGG
168989	168989	C04332	KEGG
637511	637511	C00903	KEGG
656575	656575	C11253	KEGG
656575	656575	D07653	KEGG
9692	9692	C07489	KEGG
11534	11534	C09343	KEGG
853433	853433	C10469	KEGG
854024	854024	C13779	KEGG
221493	221493	C00695	KEGG
11315692	11315692	C19841	KEGG
45479615	45479615	C02091	KEGG
439160	439160	C00085	KEGG
5950	5950	C03047	KEGG
5950	5950	C00041	KEGG
5950	5950	D00012	KEGG
5147	5147	C02058	KEGG
5147	5147	D01811	KEGG
9309	9309	C07098	KEGG
14196	14196	C12041	KEGG
14196	14196	C00915	KEGG
8057	8057	C05762	KEGG
6255	6255	C03428	KEGG
6255	6255	C01971	KEGG
6580	6580	C03843	KEGG
71082	71082	C00515	KEGG
244	244	C00556	KEGG
244	244	C03485	KEGG
244	244	D00077	KEGG
994	994	C02057	KEGG
